{
  "phase16_search": 10.490574932098388,
  "phase16_summary": 0.1,
  "phase16_total": 10.590574932098388
}