{
  "phase14_search": 4.810647773742676,
  "phase14_total": 4.810647773742676
}