{
  "gemini-2.0-flash": {
    "times": [
      6.03287410736084,
      6.445073843002319,
      5.423362970352173
    ],
    "avg": 5.967103640238444,
    "min": 5.423362970352173,
    "max": 6.445073843002319,
    "stdev": 0.51402100402805,
    "response": "好的，我會幫你搜尋「私立揚才文理短期補習班」的詳細資訊，並以 JSON 格式回覆。\n\n```json\n{\n    \"company_name\": \"揚信股份有限公司附設私立揚才文理短期補習班\",\n    \"unified_number\": \"49790662\",\n    \"capital\": \"500萬 (僅在桃園市龜山區文化二路28-2號2樓的分校有此資訊)\",\n    \"founded_dat"
  },
  "gemini-2.0-flash-lite": {
    "times": [
      3.553469657897949,
      3.9357237815856934,
      3.6446659564971924
    ],
    "avg": 3.711286465326945,
    "min": 3.553469657897949,
    "max": 3.9357237815856934,
    "stdev": 0.19964536788170834,
    "response": "```json\n{\n    \"company_name\": \"私立揚才文理短期補習班\",\n    \"unified_number\": \"無法從搜尋結果中找到\",\n    \"capital\": \"無法從搜尋結果中找到\",\n    \"founded_date\": \"2010/01/01\",\n    \"address\": \"桃園市龜山區文化二路28-2號2樓\",\n    \"officer\": \"邱紀豪\""
  },
  "gemini-2.0-flash (無JSON)": {
    "times": [
      4.9160521030426025,
      4.619986057281494,
      5.337854862213135
    ],
    "avg": 4.957964340845744,
    "min": 4.619986057281494,
    "max": 5.337854862213135,
    "stdev": 0.36076499557432923,
    "response": "好的，我來幫你搜尋「私立揚才文理短期補習班」的詳細資訊。\n\n根據我搜尋到的資訊，以下是「私立揚才文理短期補習班」的詳細資訊：\n\n*   **公司名稱：** 搜尋結果顯示有兩個可能的公司名稱：\n    *   揚信股份有限公司附設私立揚才文理短期補習班\n    *   私立揚才文理短期補習班\n*   **統一編號：** 49790662\n*   **成立時間：** 約為2010年1月1日\n*   *"
  }
}